<?xml version="1.0" encoding="UTF-8"?>
<project-private xmlns="http://www.netbeans.org/ns/project-private/1">
    <editor-bookmarks xmlns="http://www.netbeans.org/ns/editor-bookmarks/2" lastBookmarkId="0"/>
    <open-files xmlns="http://www.netbeans.org/ns/projectui-open-files/2">
        <group>
            <file>file:/var/www/w3c/css/w3.css</file>
            <file>file:/var/www/w3c/js/js.js</file>
            <file>file:/var/www/w3c/css/css_002.css</file>
            <file>file:/var/www/w3c/index.htm</file>
        </group>
    </open-files>
</project-private>
